method,aggregation,gra,fp,fn,precision,recall,f1,joint,mae,wheelpath,within_10,within_25,within_50,category_both,category_left,category_right,category_none
clrnet,mean,0.9415887778252096,5.666666666666667,10.333333333333334,0.9878520247646531,0.9780608634111818,0.9829318114413449,94.7845804988662,17.34252294296066,2.826116612641036,62.434552801200745,87.94564256078853,94.93704422713408,95.26411657559198,94.44444444444444,95.88477366255144,66.66666666666667
clrnet,std,0.009461651852029728,1.699673171197595,1.247219128924647,0.003630547718895906,0.0026480236282901207,0.003131552471758241,0.8927446569174333,1.3363870196807632,0.2797314759138724,5.320728741746914,1.8970644188088988,1.2387538730704581,0.9287831536598835,3.9283710065919353,1.1639617797309376,27.21655269759087
laneatt,mean,0.8214239058599807,16.666666666666668,16.333333333333332,0.9646812368234778,0.9653220099079972,0.9649633489503348,89.79591836734694,218.04981936079935,16.633267503337095,14.60916641822027,31.546549165582594,49.18584508772465,93.07832422586519,68.05555555555556,90.12345679012346,72.22222222222221
laneatt,std,0.05213446666590386,2.494438257849294,4.496912521077347,0.0049927648708728055,0.009547584970440226,0.004618585366657909,1.1108797019424872,98.1752035545217,4.695332709820539,4.021209372751341,7.034052581378468,10.196617129384382,1.8575663073197688,3.9283710065919353,2.6669714808262843,7.8567420131838706
polylanenet,mean,0.9216158931389474,9.0,9.333333333333334,0.9809547855526627,0.9801840056617127,0.9805367684120235,93.7641723356009,43.866487683695254,6.0924821322883504,20.26675868425099,46.19414551622734,74.82439750637018,95.08196721311475,88.88888888888887,97.11934156378601,27.77777777777777
polylanenet,std,0.009454931204255236,3.559026084010437,2.6246692913372702,0.007301796810783622,0.005572546266108853,0.0032461080837263047,1.051430668423543,3.0183555538765314,0.1615739612105427,2.193136681468161,5.095338357855863,4.697770533481244,1.545588592757475,3.928371006591922,3.240332458441073,28.32788618662658
scnn,mean,0.9019602894694695,19.333333333333332,9.0,0.9599979754094533,0.9808917197452228,0.970283444718338,90.9297052154195,17.63956763992596,4.054081821919781,58.85096300008262,85.07226072369987,95.19992623709386,96.17486338797814,84.72222222222223,86.41975308641975,16.666666666666668
scnn,std,0.015786877434838534,5.90668171555645,1.4142135623730951,0.011825945304959408,0.003002576565547972,0.005344057940796832,1.6272902601368855,2.3822326621076124,0.4356957980332675,2.4898819791151343,1.080530266327068,1.26890384977238,0.44617299504247737,10.393492741038726,6.6100322651065815,23.570226039551585
ufldv2,mean,0.7931684404526208,19.0,37.0,0.9581226234021663,0.9214437367303608,0.9393784351611214,81.29251700680273,59.12443076247279,7.9009663688097005,15.994124870185777,43.076715085148955,75.29970332215042,81.4207650273224,58.333333333333336,92.18106995884773,22.222222222222218
ufldv2,std,0.02410472411084837,4.242640687119285,5.354126134736337,0.008995494714410524,0.0113675714113298,0.007933003638509104,2.421106179598936,8.834690209593383,0.5231933930358268,0.6678465796799856,3.0279678663357648,3.574407150891703,3.217399222705956,12.266334536566456,3.540051550223303,7.85674201318386
unet_seg,mean,0.7671030792081953,57.666666666666664,10.666666666666666,0.8888332945058783,0.9773531493276716,0.9309257099510653,77.43764172335601,19.09557339683686,6.10761347992731,63.43695557868616,83.41375470161256,93.24083645766285,95.62841530054645,84.72222222222221,38.2716049382716,22.222222222222218
unet_seg,std,0.01466852545386158,5.792715732327589,3.0912061651652345,0.00935382424457042,0.006563070414363554,0.002321916390863587,1.3978263045281158,2.528520305533672,0.38999855109703213,0.7658980424267886,0.3421157572190126,0.2535110798814527,0.7727942963787341,7.081971546656642,4.3938593629758484,20.78698548207745
canny_hough,mean,0.7162141470978759,65,6,0.8773584905660378,0.9872611464968153,0.9290709290709291,77.89115646258503,250.8420714831035,15.826190688373899,38.22040134804532,58.26419758225864,64.35370041534686,96.72131147540983,0.0,64.19753086419753,0.0
lsd,mean,0.78095784531642,23,40,0.9493392070484582,0.9150743099787686,0.9318918918918919,79.93197278911565,44.23152260428626,7.819413280822864,52.90439014876483,74.11385811678292,81.8574766917427,78.68852459016394,70.83333333333334,91.35802469135803,0.0
steger_ridge,mean,0.5773484874215452,117,0,0.8010204081632653,1.0,0.8895184135977336,62.244897959183675,133.51650182346228,32.44647166884909,33.29805035586905,57.82235978387038,73.91259753016564,100.0,0.0,0.0,0.0
